"Nguyễn Nam Khánh","Hồ Giang"
"Hồ Giang","Hồ Việt"
"Hồ Giang","Lê Dũng"
"Hồ Giang","Lý Tài"
"Phan Hoàng","Bùi Xuân Minh"
"Ngô Thị Bích Ngọc","Hồ Quốc Ngọc"
"Ngô Thị Bích Ngọc","Phan Đức"
"Ngô Thị Bích Ngọc","Đặng Ngọc Quỳnh Như"
"Lê Hải Hà An","Hồ Việt"
"Ngô Xuân Minh","Dương Vũ Trí Đức"
"Lý Phạm","Dương Vũ Trí Đức"
"Lý Giang","Phan Hoàng"
"Lý Giang","Lý Hiếu"
"Đỗ Việt","Nguyễn Nam Khánh"
"Đỗ Việt","Đặng Ngọc Quỳnh Như"
"Ngô Hiếu","Hồ Điệp Chi"
"Dương Quốc Ngọc","Ngô Hiếu"
"Hồ Việt","Hồ Việt"
"Hồ Việt","Dương Vũ Trí Đức"
"Lê Hải Hà An","Nguyễn Trang"
"Phạm Hiệp","Dương Vũ Trí Đức"
"Lý Hiếu","Trần Thị Bích Ngọc"
"Lý Hiếu","Lê Hoàng"
"Dương Anh","Ngô Xuân Minh"
"Dương Anh","Dương Quốc Ngọc"
"Phạm Phạm","Ngô Hiếu"
"Bùi Hiệp","Trần Quốc Ngọc"
"Hồ Quốc Ngọc","Lý Phạm"
"Trần Thị Bích Ngọc","Lê Hoàng"
"Hồ Điệp Chi","Trần Thị Bích Ngọc"
"Dương Ngọc","Trần Quốc Ngọc"
"Dương Vũ Trí Đức","Dương Tiến Long"
"Trần Quốc Ngọc","Nguyễn Nam Khánh"
"Dương Nam Khánh","Lê Hoàng"
"Hồ Quốc Ngọc","Hồ Trang"
"Lý Tài","Bùi Hiệp"
"Phan Anh","Hồ Việt"
"Phan Anh","Hồ Việt"
"Phan Anh","Trần Thị Bích Ngọc"
"Hồ Trang","Ngô Thị Bích Ngọc"
"Hồ Trang","Phạm Hiệp"
"Hồ Trang","Nguyễn Trang"
